{"stats":{"minecraft:dropped":{"minecraft:bread":58},"minecraft:killed":{"minecraft:husk":1,"graveyard:ghoul":1},"minecraft:picked_up":{"minecraft:sandstone":1,"minecraft:crafting_table":2,"minecraft:wheat":6,"minecraft:cut_sandstone":6,"minecraft:acacia_log":6,"minecraft:wither_rose":7,"minecraft:sandstone_wall":1,"minecraft:sand":5,"graveyard:yellow_urn":1,"minecraft:yellow_glazed_terracotta":8,"minecraft:cyan_bed":3,"minecraft:cut_sandstone_slab":3,"minecraft:polished_granite":8,"minecraft:smooth_sandstone_slab":2,"minecraft:cactus":2,"minecraft:bone":8,"minecraft:rotten_flesh":2,"minecraft:soul_lantern":1,"minecraft:wheat_seeds":3,"minecraft:hay_block":51,"minecraft:iron_ingot":1,"minecraft:iron_bars":2,"minecraft:acacia_sapling":1},"minecraft:crafted":{"minecraft:crafting_table":1,"minecraft:stick":8,"minecraft:wooden_pickaxe":1,"minecraft:wooden_axe":1,"minecraft:acacia_planks":24,"minecraft:bread":122,"minecraft:wheat":360},"minecraft:used":{"minecraft:wooden_axe":12,"minecraft:bread":3,"minecraft:cyan_bed":2,"minecraft:cactus":3,"minecraft:wooden_pickaxe":34,"minecraft:sand":5,"minecraft:cut_sandstone_slab":2,"minecraft:crafting_table":2},"minecraft:custom":{"minecraft:time_since_rest":5750,"minecraft:sprint_one_cm":81876,"minecraft:damage_taken":1425,"minecraft:walk_one_cm":50093,"minecraft:mob_kills":2,"minecraft:drop":1,"minecraft:damage_dealt":429,"minecraft:swim_one_cm":1222,"minecraft:interact_with_crafting_table":3,"minecraft:fly_one_cm":192988,"minecraft:open_chest":19,"minecraft:crouch_one_cm":334,"minecraft:play_one_minute":32994,"minecraft:deaths":7,"minecraft:sneak_time":244,"minecraft:walk_under_water_one_cm":106,"minecraft:jump":981,"minecraft:leave_game":1,"minecraft:walk_on_water_one_cm":3079,"minecraft:time_since_death":5711,"minecraft:sleep_in_bed":1,"minecraft:fall_one_cm":29317},"minecraft:killed_by":{"minecraft:husk":2,"minecraft:player":1,"graveyard:ghoul":1,"minecraft:creeper":1},"minecraft:mined":{"minecraft:cut_sandstone":6,"minecraft:hay_block":40,"minecraft:cut_sandstone_slab":3,"minecraft:cactus":2,"minecraft:acacia_leaves":2,"graveyard:skull_with_rib_cage":1,"graveyard:yellow_urn":1,"minecraft:jungle_leaves":1,"graveyard:leaning_wither_skeleton":2,"minecraft:polished_granite":10,"graveyard:skull_pile":1,"minecraft:crafting_table":2,"minecraft:grass":4,"minecraft:acacia_log":6,"minecraft:iron_bars":2,"minecraft:sand":6,"minecraft:sandstone_wall":1,"minecraft:tall_grass":1,"minecraft:cyan_bed":1,"graveyard:lying_skeleton":1,"minecraft:sandstone":2,"minecraft:smooth_sandstone_slab":2,"minecraft:oak_leaves":7}},"DataVersion":2586}