{"stats":{"minecraft:killed":{"minecraft:husk":4,"minecraft:cow":3},"minecraft:picked_up":{"minecraft:crafting_table":1,"minecraft:leather":4,"minecraft:green_bed":2,"minecraft:acacia_log":8,"minecraft:cut_sandstone_slab":2,"minecraft:smooth_sandstone_slab":3,"minecraft:polished_granite":6,"minecraft:rotten_flesh":4,"minecraft:beef":3,"minecraft:bread":58,"minecraft:egg":1},"minecraft:crafted":{"minecraft:crafting_table":1,"minecraft:stick":4,"minecraft:wooden_pickaxe":1,"minecraft:acacia_planks":32},"minecraft:used":{"minecraft:bread":5,"graveyard:skeleton_creeper_spawn_egg":1,"minecraft:wooden_pickaxe":27,"graveyard:ghoul_spawn_egg":1,"minecraft:polished_granite":6,"graveyard:reaper_spawn_egg":1,"minecraft:green_bed":2,"minecraft:stone_axe":29,"graveyard:leaning_wither_skeleton":1,"minecraft:beef":3,"minecraft:crafting_table":1,"minecraft:egg":1},"minecraft:killed_by":{"graveyard:ghoul":1,"minecraft:pillager":1},"minecraft:custom":{"minecraft:time_since_rest":5713,"minecraft:sprint_one_cm":77331,"minecraft:damage_taken":705,"minecraft:walk_one_cm":45606,"minecraft:mob_kills":7,"minecraft:damage_dealt":1085,"minecraft:swim_one_cm":3319,"minecraft:interact_with_crafting_table":1,"minecraft:fly_one_cm":265067,"minecraft:player_kills":1,"minecraft:open_chest":16,"minecraft:crouch_one_cm":3768,"minecraft:play_one_minute":34890,"minecraft:deaths":3,"minecraft:sneak_time":1774,"minecraft:walk_under_water_one_cm":547,"minecraft:jump":1144,"minecraft:walk_on_water_one_cm":2236,"minecraft:time_since_death":5676,"minecraft:sleep_in_bed":1,"minecraft:fall_one_cm":31795},"minecraft:mined":{"minecraft:cut_sandstone_slab":4,"minecraft:polished_granite":19,"minecraft:crafting_table":1,"minecraft:grass":2,"minecraft:acacia_log":8,"minecraft:smooth_sandstone_slab":3,"minecraft:green_bed":2}},"DataVersion":2586}